<?xml version="1.0" encoding="UTF-8"?>
<project-private xmlns="http://www.netbeans.org/ns/project-private/1">
    <editor-bookmarks xmlns="http://www.netbeans.org/ns/editor-bookmarks/2" lastBookmarkId="0"/>
    <open-files xmlns="http://www.netbeans.org/ns/projectui-open-files/2">
        <group>
            <file>file:/C:/Users/daniel/Documents/NetBeansProjects/Lista3/src/br/com/unifacef/dfpires/exe2/Rodoviaria.java</file>
            <file>file:/C:/Users/daniel/Documents/NetBeansProjects/Lista3/src/br/com/unifacef/dfpires/composicao/Venda.java</file>
            <file>file:/C:/Users/daniel/Documents/NetBeansProjects/Lista3/src/br/com/unifacef/dfpires/exe2/Passageiro.java</file>
            <file>file:/C:/Users/daniel/Documents/NetBeansProjects/Lista3/src/br/com/unifacef/dfpires/exe2/Testa.java</file>
            <file>file:/C:/Users/daniel/Documents/NetBeansProjects/Lista3/src/br/com/unifacef/dfpires/composicao/ItemVenda.java</file>
            <file>file:/C:/Users/daniel/Documents/NetBeansProjects/Lista3/src/br/com/unifacef/dfpires/exe2/Onibus.java</file>
        </group>
    </open-files>
</project-private>
